N,t,CD_mse,DS_mse,GPA_CD_mse,GPA_DS_mse,CD_time,DS_time,GPA_CD_time,GPA_DS_time
100,0,0.14088347434997558,0.021111757755279542,0.1401348304748535,0.02108504295349121,0.18337705612182617,0.18472447633743286,0.0009976935386657715,0.0006885051727294922
100,1,0.13477401733398436,0.019360045194625853,0.13415501594543458,0.0193005633354187,0.206298131942749,0.2075917649269104,0.0007331347465515136,0.000684196949005127
100,2,0.15149842262268065,0.021279027462005617,0.15077943801879884,0.02124729871749878,0.2052335524559021,0.20644508361816405,0.0007234573364257813,0.0006774592399597167
100,3,0.13805006980895995,0.019697914123535155,0.13735708236694336,0.019643930196762086,0.2042435050010681,0.2054477620124817,0.0007222914695739747,0.0006756758689880371
100,4,0.13728984832763672,0.02040210962295532,0.13667540550231932,0.020314149856567383,0.2046906328201294,0.2058929181098938,0.0007207417488098145,0.0006752824783325196
100,5,0.15134440422058104,0.022287430763244628,0.15050622940063477,0.022051572799682617,0.20499073028564452,0.2061862587928772,0.0007248044013977051,0.000679020881652832
100,6,0.1357103157043457,0.0197863233089447,0.1351164150238037,0.01965034246444702,0.2061861801147461,0.20739327907562255,0.000720221996307373,0.0006768608093261719
100,7,0.1423397731781006,0.020586271286010743,0.14158132553100586,0.02055025815963745,0.20618363618850707,0.20738911867141724,0.0007197070121765137,0.0006765460968017578
100,8,0.1296895217895508,0.019151520729064942,0.1290445613861084,0.019059524536132813,0.20563338756561278,0.20684584617614746,0.000723114013671875,0.0006801486015319824
100,9,0.12857812881469727,0.019662550687789916,0.12803241729736328,0.019674026966094972,0.20604934692382812,0.20724973678588868,0.0007187986373901367,0.0006770443916320801
100,10,0.13331125259399415,0.021135387420654298,0.13258392333984376,0.020831499099731445,0.20470410346984863,0.205904221534729,0.0007203030586242676,0.0006758189201354981
100,11,0.13259568214416503,0.019912254810333253,0.13208281517028808,0.019891968965530395,0.20806847095489503,0.20927570104599,0.0007271885871887207,0.0006814169883728028
100,12,0.12775001525878907,0.019446542263031007,0.12706005096435546,0.019291372299194337,0.20543164253234864,0.20663217306137086,0.0007204055786132812,0.0006773710250854492
100,13,0.13293540954589844,0.01915545344352722,0.13229958534240724,0.019196288585662843,0.20561817169189453,0.20680912256240844,0.0007169842720031738,0.0006764435768127441
100,14,0.1461910152435303,0.020998661518096925,0.14561534881591798,0.020934078693389892,0.2062641930580139,0.20745929479598998,0.0007199263572692871,0.0006775712966918945
100,15,0.13353297233581543,0.02077061653137207,0.13268644332885743,0.020307903289794923,0.20605262517929077,0.20724596500396728,0.0007187080383300781,0.0006765055656433105
100,16,0.1366988468170166,0.02103301286697388,0.1358066463470459,0.020821213722229004,0.20590137720108032,0.20709669828414917,0.0007219409942626953,0.0006766462326049805
100,17,0.11776541709899903,0.016923896074295043,0.11731860160827637,0.01693173885345459,0.20541691064834594,0.20660772562026977,0.0007230639457702637,0.0006765007972717285
100,18,0.1330806064605713,0.01983851432800293,0.13259271621704102,0.01982571363449097,0.20586876392364503,0.20706704378128052,0.0007194685935974121,0.0006749725341796875
100,19,0.12929994583129883,0.020671191215515135,0.12857906341552736,0.02040832281112671,0.20628371477127075,0.20748456001281737,0.0007186436653137207,0.0006793045997619629
100,20,0.13323610305786132,0.019716335535049437,0.13276138305664062,0.019765806198120118,0.2135804510116577,0.21490250110626222,0.0007375478744506836,0.0006890177726745605
100,21,0.12689754486083984,0.01872653841972351,0.12623910903930663,0.018643754720687866,0.20540305376052856,0.2066220784187317,0.0007238888740539551,0.0006769943237304687
100,22,0.1353357219696045,0.019909716844558716,0.13466485023498534,0.019786343574523926,0.20771723985671997,0.20895163536071779,0.0007260203361511231,0.0006812572479248047
100,23,0.15566774368286132,0.02220963954925537,0.15486431121826172,0.022110657691955568,0.2092430853843689,0.21055288791656493,0.0007365536689758301,0.0006856608390808105
100,24,0.13010398864746095,0.018306815624237062,0.12957653999328614,0.018301432132720948,0.20871644973754883,0.2099257802963257,0.0007262015342712402,0.0006844758987426758
100,25,0.14321314811706543,0.021774916648864745,0.1423570728302002,0.021433563232421876,0.20601372957229613,0.2072105312347412,0.0007199859619140625,0.0006774067878723145
100,26,0.14314552307128905,0.020262718200683594,0.1427217483520508,0.020290358066558836,0.20683966875076293,0.20807523965835573,0.0007428908348083496,0.0006862688064575195
100,27,0.14236190795898437,0.02045390844345093,0.14157045364379883,0.02038016080856323,0.20757364511489867,0.20876791715621948,0.0007214188575744629,0.000678250789642334
100,28,0.13196727752685547,0.019142627716064453,0.13124317169189453,0.019090847969055177,0.20742188453674315,0.20862846612930297,0.00072005033493042,0.0006768870353698731
100,29,0.14103689193725585,0.021031255722045897,0.1404798698425293,0.02106508731842041,0.2078277611732483,0.20905234813690185,0.0007238340377807617,0.0006795287132263184
100,30,0.128436279296875,0.018721024990081787,0.12799686431884766,0.01870846152305603,0.20796142101287843,0.20916669368743895,0.0007213878631591796,0.0006794571876525879
100,31,0.14224315643310548,0.020722177028656006,0.1416098117828369,0.020670549869537355,0.20734176874160767,0.20854419946670533,0.0007219791412353515,0.0006763792037963867
100,32,0.13208242416381835,0.019499502182006835,0.13137347221374512,0.019284393787384033,0.20792794466018677,0.2091423773765564,0.0007253098487854004,0.0006806659698486328
100,33,0.13904488563537598,0.02097360372543335,0.13814563751220704,0.0206056809425354,0.20760732412338256,0.20881192445755004,0.0007208418846130371,0.0006791138648986816
100,34,0.12420845985412597,0.01938965082168579,0.12354312896728516,0.019280428886413573,0.20829974889755248,0.2095071530342102,0.0007214879989624023,0.0006800007820129395
100,35,0.12661354064941407,0.01842819690704346,0.12613325119018554,0.018444844484329224,0.20736189365386962,0.20858248949050903,0.0007234692573547363,0.0006806063652038574
100,36,0.13801223754882813,0.02059520959854126,0.13733906745910646,0.020460216999053954,0.2067933464050293,0.20799358129501344,0.0007193803787231446,0.0006782054901123047
100,37,0.13507818222045898,0.020739953517913818,0.13438058853149415,0.020686936378479005,0.20708680391311646,0.20828415870666503,0.0007190537452697754,0.0006782817840576172
100,38,0.13165198326110839,0.01969196319580078,0.13106294631958007,0.0196257746219635,0.20679444789886475,0.20800258874893188,0.0007233357429504394,0.0006800675392150879
100,39,0.12815160751342775,0.019081774950027466,0.12746331214904785,0.01883384108543396,0.2078541660308838,0.2090574622154236,0.0007230257987976075,0.0006789159774780273
100,40,0.14003654479980468,0.021032347679138183,0.13914575576782226,0.020582120418548584,0.20624933242797852,0.20745203256607056,0.0007212138175964355,0.0006793761253356934
100,41,0.13924756050109863,0.020604705810546874,0.13857827186584473,0.02054229974746704,0.206414053440094,0.20763028621673585,0.0007241153717041015,0.0006820368766784668
100,42,0.13477643966674804,0.01993989109992981,0.13416614532470703,0.01974416136741638,0.20680455207824708,0.20800114393234254,0.0007193088531494141,0.000680549144744873
100,43,0.14204082489013672,0.02061634063720703,0.1411764430999756,0.020289032459259032,0.20657438039779663,0.20777387857437135,0.0007241511344909668,0.0006800508499145508
100,44,0.1386452865600586,0.02044032335281372,0.13791246414184571,0.020149660110473634,0.20740845441818237,0.20860406160354614,0.0007210230827331543,0.0006797170639038086
100,45,0.14095165252685546,0.021065993309020994,0.14022156715393067,0.020953855514526366,0.2076551127433777,0.20887685298919678,0.0007233691215515137,0.0006798315048217774
100,46,0.13264053344726562,0.019656782150268556,0.13209910392761232,0.01971724271774292,0.20747676134109497,0.20868462562561035,0.0007231450080871582,0.0006806516647338867
100,47,0.13724611282348634,0.021065475940704344,0.1364993381500244,0.020858194828033447,0.20846207618713378,0.2096783709526062,0.000727691650390625,0.0006855797767639161
100,48,0.14137399673461915,0.02178818941116333,0.14068567276000976,0.021796841621398926,0.20702805280685424,0.20823392391204834,0.0007238006591796875,0.0006785798072814942
100,49,0.12314501762390137,0.019956682920455934,0.12229044914245606,0.01950282096862793,0.20735082864761353,0.20854994058609008,0.000722506046295166,0.0006809091567993164
100,50,0.14328863143920897,0.02144678831100464,0.14267239570617676,0.021387696266174316,0.20920861959457399,0.21041472911834716,0.0007251429557800292,0.00068206787109375
100,51,0.12387113571166992,0.018761558532714842,0.1232688331604004,0.01856560230255127,0.20788492441177367,0.2090941262245178,0.0007237672805786132,0.0006787228584289551
100,52,0.14628815650939941,0.021246078014373778,0.1455685615539551,0.021123104095458985,0.20899321317672728,0.21020503759384154,0.0007226777076721192,0.0006803297996520997
100,53,0.1337881851196289,0.018874516487121584,0.13315743446350098,0.018892232179641723,0.2076577615737915,0.20886337757110596,0.0007238221168518066,0.000678253173828125
100,54,0.13590558052062987,0.02009709119796753,0.1353594970703125,0.020250475406646727,0.20733124017715454,0.20853175163269044,0.0007201695442199707,0.0006813859939575195
100,55,0.1433353328704834,0.020850346088409424,0.14285873413085937,0.020851223468780516,0.20858028888702393,0.20978893280029298,0.0007244729995727539,0.0006787919998168945
100,56,0.13426313400268555,0.019977743625640868,0.13361044883728027,0.019825764894485474,0.20863712310791016,0.20985401153564454,0.0007256054878234863,0.0006820392608642578
100,57,0.13080525398254395,0.020441799163818358,0.13011669158935546,0.02033193826675415,0.20732722282409669,0.20852320432662963,0.0007219076156616211,0.0006788015365600586
100,58,0.133301477432251,0.0199075710773468,0.1325998306274414,0.0197603440284729,0.21296547412872313,0.21416993379592897,0.0007223987579345703,0.0006784582138061523
100,59,0.14153542518615722,0.020663356781005858,0.1407962131500244,0.02043966770172119,0.2074785304069519,0.2087967252731323,0.0007384586334228516,0.0006870198249816895
100,60,0.13335750579833985,0.019193867444992064,0.13271409034729004,0.019144264459609987,0.20868497848510742,0.2099253749847412,0.0007293081283569336,0.0006807303428649902
100,61,0.14498868942260743,0.020231766700744627,0.14451982498168944,0.020230743885040283,0.20749420404434205,0.20870963335037232,0.0007247734069824219,0.0006801819801330566
100,62,0.14336090087890624,0.021583898067474364,0.1423082447052002,0.021340246200561522,0.20863099813461303,0.20985708951950074,0.0007256388664245606,0.0006809043884277344
100,63,0.119639892578125,0.018233652114868163,0.11882826805114746,0.017971391677856444,0.20629820823669434,0.2075002074241638,0.0007212400436401367,0.0006796336174011231
100,64,0.13738283157348632,0.01972047209739685,0.1367448616027832,0.019495019912719725,0.20883311510086058,0.21004942893981934,0.0007237005233764649,0.0006821727752685546
100,65,0.13433856010437012,0.020136008262634276,0.13359256744384765,0.0200207781791687,0.20908186435699463,0.21029159784317017,0.0007255911827087402,0.0006810832023620606
100,66,0.14680302619934082,0.02121908187866211,0.14613718986511232,0.021226139068603517,0.20914121389389037,0.21035614490509033,0.0007272696495056152,0.0006822061538696289
100,67,0.13982650756835938,0.01996181607246399,0.13927978515625,0.019861961603164672,0.20736705541610717,0.20856345415115357,0.0007214283943176269,0.0006791496276855469
100,68,0.14324692726135255,0.021155617237091064,0.14254290580749512,0.02110922336578369,0.2069636654853821,0.2081685209274292,0.0007227540016174316,0.0006807398796081543
100,69,0.131323184967041,0.02052654027938843,0.1306288719177246,0.02010535717010498,0.20781320095062256,0.2090157961845398,0.000721447467803955,0.0006791305541992188
100,70,0.13680171966552734,0.019687026739120483,0.13626811027526856,0.019655003547668456,0.20813917398452758,0.20935383319854736,0.000725719928741455,0.0006797099113464355
100,71,0.1222252082824707,0.01847048044204712,0.12167119026184083,0.01849764823913574,0.2097031807899475,0.21091703653335572,0.000727376937866211,0.0006810808181762695
100,72,0.13968826293945313,0.019495644569396973,0.1390056324005127,0.019461976289749147,0.20796160221099855,0.2091691541671753,0.0007221007347106934,0.0006806421279907227
100,73,0.1352755069732666,0.020038540363311767,0.13470298767089844,0.020032367706298827,0.2071324110031128,0.2083326506614685,0.0007223629951477051,0.0006781816482543945
100,74,0.1303490161895752,0.0191131854057312,0.1297569179534912,0.019003821611404417,0.20759482860565184,0.2088052248954773,0.0007255458831787109,0.0006818675994873047
100,75,0.12829748153686524,0.019603326320648193,0.1275658702850342,0.01935431718826294,0.20827799797058105,0.20948750019073487,0.0007223987579345703,0.0006775212287902832
100,76,0.14728102684020997,0.021866698265075684,0.14651015281677246,0.02165827751159668,0.20807453155517577,0.2092970085144043,0.0007258105278015137,0.0006823468208312988
100,77,0.13090075492858888,0.01864800214767456,0.13022322654724122,0.018522920608520507,0.20919511795043946,0.21040868043899535,0.0007262182235717773,0.0006820273399353028
100,78,0.12961484909057616,0.01893730640411377,0.1289710807800293,0.01873960018157959,0.20905067920684814,0.21026322841644288,0.0007269644737243653,0.0006823348999023438
100,79,0.13325737953186034,0.020142643451690673,0.13273655891418457,0.020127525329589845,0.20883455514907837,0.21004508018493653,0.000723412036895752,0.0006807780265808105
100,80,0.1384989070892334,0.019508767127990722,0.13790721893310548,0.01946087956428528,0.2089621353149414,0.21016959190368653,0.0007275795936584473,0.0006825900077819824
100,81,0.13189366340637207,0.02014302968978882,0.13134848594665527,0.020170676708221435,0.20794786453247072,0.20914481163024903,0.0007212686538696289,0.0006780552864074707
100,82,0.13521504402160645,0.020649590492248536,0.1344454574584961,0.020531764030456544,0.20876890182495117,0.20997066020965577,0.0007233309745788574,0.0006804227828979492
100,83,0.1251993465423584,0.018026597499847412,0.12467103958129883,0.01802482843399048,0.20887814283370973,0.21009165287017822,0.0007258033752441406,0.0006831002235412598
100,84,0.1318389892578125,0.019625555276870727,0.13086722373962403,0.019374644756317137,0.20408976554870606,0.20531974315643312,0.0007338786125183106,0.000683889389038086
100,85,0.14384387969970702,0.021154627799987794,0.14307936668395996,0.02100040912628174,0.21038511514663696,0.2116689443588257,0.0007343387603759766,0.0006867074966430665
100,86,0.13797449111938476,0.020183467864990236,0.13731120109558106,0.020165884494781496,0.21162633180618287,0.21291974544525147,0.0007366275787353515,0.0006877779960632324
100,87,0.14455166816711426,0.020209410190582276,0.1439511775970459,0.020185062885284422,0.20008060455322266,0.20130744695663452,0.0007258582115173339,0.0006836438179016113
100,88,0.12647629737854005,0.019313127994537355,0.1258110809326172,0.01913864254951477,0.20589272260665895,0.20714166164398193,0.0007302975654602051,0.0006841325759887695
100,89,0.1438858413696289,0.021939845085144044,0.14327451705932617,0.021949448585510255,0.1842663073539734,0.18542027235031128,0.0007223272323608398,0.0006788849830627441
100,90,0.1359488010406494,0.020099995136260988,0.1351624870300293,0.019854943752288818,0.1841209864616394,0.18527683973312378,0.0007212448120117187,0.0006806612014770508
100,91,0.13006120681762695,0.018491829633712768,0.12940305709838867,0.018411774635314942,0.20334021806716918,0.20454250335693358,0.0007268929481506348,0.0006815457344055176
100,92,0.14586044311523438,0.0214517879486084,0.14517777442932128,0.021393072605133057,0.2062212347984314,0.207460355758667,0.0007290506362915039,0.0006848359107971191
100,93,0.13647894859313964,0.020392229557037355,0.13585541725158692,0.02026686429977417,0.1842108178138733,0.18536524057388307,0.0007227540016174316,0.0006807661056518555
100,94,0.1479453945159912,0.020919742584228514,0.1472635841369629,0.020826654434204103,0.18453476905822755,0.18569229364395143,0.0007192087173461914,0.000678567886352539
100,95,0.13574110031127928,0.020443496704101564,0.13473923683166503,0.020162262916564942,0.2033285140991211,0.2045707130432129,0.0007293438911437989,0.0006844401359558105
100,96,0.12940253257751466,0.01896484851837158,0.12891209602355957,0.0189873468875885,0.20355450868606567,0.2047862696647644,0.0007290816307067871,0.0006853199005126953
100,97,0.13342963218688964,0.02004909038543701,0.13276687622070313,0.01975474715232849,0.21239617109298706,0.21367700576782225,0.000731499195098877,0.0006852388381958008
100,98,0.1402867317199707,0.02055805444717407,0.1397882080078125,0.020616095066070556,0.20384597778320312,0.20505461931228638,0.0007267427444458007,0.0006849169731140137
100,99,0.1414962100982666,0.020441248416900634,0.14105334281921386,0.020420782566070557,0.21179759740829468,0.2130805730819702,0.0007361817359924316,0.0006835150718688965
500,0,0.03442192792892456,0.008295103311538696,0.03438955307006836,0.008329474329948426,0.7919478368759155,0.7930370593070983,0.000657029151916504,0.00054671049118042
500,1,0.0364624285697937,0.009489079117774963,0.03658952236175537,0.00974147617816925,0.846168155670166,0.8473260068893432,0.0006324505805969238,0.0005873322486877441
500,2,0.03682748556137085,0.009845726490020752,0.036360011100769044,0.00941137969493866,0.9287026762962342,0.9299576783180237,0.0006807208061218262,0.0006311249732971192
500,3,0.035180125236511234,0.009610077738761902,0.034938337802886965,0.009421737790107727,0.9284765982627868,0.9297534537315368,0.0007076740264892578,0.0006599903106689453
500,4,0.038274950981140136,0.009203715920448304,0.0382279372215271,0.00919147789478302,0.8997401428222657,0.9009642958641052,0.0006649899482727051,0.0006122970581054687
500,5,0.036453323364257814,0.008087369799613952,0.03635773658752441,0.008082477450370789,0.9088431739807129,0.9100806760787964,0.0006595301628112793,0.0006065011024475097
500,6,0.03755167245864868,0.009063482880592347,0.037706258296966555,0.009340435266494751,0.8368440127372742,0.8380071187019348,0.0006134939193725586,0.0005636382102966309
500,7,0.03688463926315308,0.009614671468734742,0.036923394203186036,0.009763561487197876,0.9358508253097534,0.9371527624130249,0.0007282018661499024,0.0006775450706481933
500,8,0.037242414951324465,0.009170191287994385,0.03716560363769531,0.009146426916122436,0.9738588976860046,0.9754202175140381,0.0007641720771789551,0.0006911444664001465
500,9,0.03453505039215088,0.007668557167053222,0.03449874877929687,0.007731109857559204,0.8871415257453918,0.888443899154663,0.0006921935081481934,0.0006347870826721191
500,10,0.03413387298583984,0.008077579736709594,0.03410289764404297,0.008108981847763062,0.8647148418426513,0.8659378814697266,0.0006458187103271485,0.000593721866607666
500,11,0.03457537889480591,0.008871500492095947,0.034314355850219726,0.008671650290489196,0.965645170211792,0.9669953632354736,0.0007305455207824707,0.0006741809844970703
500,12,0.03664633274078369,0.008850480318069459,0.036482818126678467,0.008796052932739258,0.9302715826034545,0.9315325546264649,0.0006853985786437988,0.000634915828704834
500,13,0.03474909067153931,0.007604861259460449,0.03469421863555908,0.007648419141769409,0.9260676121711731,0.9273558902740479,0.0007080411911010742,0.0006618404388427734
500,14,0.035246856212615967,0.010143413543701171,0.03465155839920044,0.009590895771980286,0.8045470786094665,0.8057914662361145,0.0006076860427856446,0.0005499434471130371
500,15,0.03507995843887329,0.008412882089614868,0.03496598958969116,0.00836592674255371,0.875016725063324,0.8763798022270203,0.0006776714324951172,0.0006087064743041992
500,16,0.037841556072235105,0.009153040647506714,0.037871417999267576,0.009320885539054871,0.8215827345848083,0.8228794956207275,0.0006162261962890625,0.0005530405044555664
500,17,0.03623429775238037,0.009077496528625488,0.035991368293762205,0.008901083469390869,0.8167142033576965,0.817871515750885,0.0005879473686218262,0.0005393719673156738
500,18,0.038272721767425535,0.008873816728591919,0.03805999517440796,0.008734164834022522,0.8942110228538513,0.8954902219772339,0.0006697654724121093,0.0006149840354919433
500,19,0.037480447292327884,0.00981503427028656,0.03715584278106689,0.009581738710403442,0.9097228169441223,0.9109813809394837,0.0006760549545288086,0.0006276631355285645
500,20,0.036736781597137454,0.00932992935180664,0.03690393924713135,0.009564167857170104,0.9264502263069153,0.9277176713943481,0.0006810188293457031,0.0006284570693969727
500,21,0.03685131549835205,0.009506723880767821,0.03649602174758911,0.009220979809761047,0.8523312973976135,0.8535025811195374,0.0006203174591064454,0.0005762028694152832
500,22,0.03725978136062622,0.009010059833526611,0.03716381311416626,0.009033620357513428,0.9583550810813903,0.9596953248977661,0.0007230567932128906,0.000668478012084961
500,23,0.03655583381652832,0.008059951066970826,0.03646829605102539,0.008098967671394348,0.8133036756515503,0.8144152760505676,0.0005866146087646485,0.000543515682220459
500,24,0.03599146842956543,0.008246973752975464,0.03590290069580078,0.008252689838409424,0.8502906727790832,0.8514876747131348,0.0006370735168457031,0.0005904960632324218
500,25,0.03586632490158081,0.008189622163772583,0.035683009624481205,0.008067632913589478,0.7893210887908936,0.7904046130180359,0.0005698060989379883,0.0005259275436401367
500,26,0.03546316146850586,0.008948938250541686,0.035440402030944826,0.009046471714973449,0.8810141682624817,0.8822311687469483,0.0006444644927978515,0.0005955648422241211
500,27,0.03536241292953491,0.008506163358688354,0.03528373241424561,0.008548382520675659,0.9659157848358154,0.9672459030151367,0.0007342004776000977,0.0006793260574340821
500,28,0.03489551544189453,0.009472933411598206,0.03447539091110229,0.009108780026435852,0.9211439681053162,0.9224319052696228,0.0006966710090637207,0.0006431651115417481
500,29,0.03568154573440552,0.009380937814712524,0.035580551624298094,0.009358084201812744,0.9255952715873719,0.9268589901924134,0.0006883573532104492,0.0006382822990417481
500,30,0.035987744331359865,0.007903384566307068,0.03593530893325805,0.007957353591918945,0.7097759699821472,0.7107703733444214,0.0004982757568359375,0.0004555034637451172
500,31,0.03664047956466675,0.008537294864654542,0.036643390655517576,0.008659376502037049,0.8745650315284729,0.8757514119148254,0.0006356906890869141,0.000589590072631836
500,32,0.037115564346313475,0.008030914068222046,0.03707456111907959,0.008087944984436036,0.9019247412681579,0.9031634259223938,0.0006723880767822265,0.0006224822998046875
500,33,0.03645626544952393,0.008820761442184449,0.03624657154083252,0.008707518577575684,0.9564267754554748,0.9577215361595154,0.0007060027122497559,0.0006539821624755859
500,34,0.032672786712646486,0.008599402904510499,0.03211264848709106,0.008086951971054078,0.9020569539070129,0.9032721996307373,0.0006661200523376464,0.0006188368797302246
500,35,0.034775075912475584,0.007803035378456116,0.034761357307434085,0.007881955504417419,0.9721993494033814,0.9735320210456848,0.0007250857353210449,0.0006708049774169922
500,36,0.0401924467086792,0.010410902500152587,0.03985672473907471,0.010155552625656128,0.8386874485015869,0.8398176097869873,0.0005906987190246582,0.0005456852912902832
500,37,0.036270015239715576,0.008031243681907654,0.036120078563690185,0.007965842485427857,0.9010824704170227,0.9023026990890503,0.0006475234031677246,0.0006009244918823242
500,38,0.035889155864715576,0.008642390370368958,0.03577666282653809,0.008595756292343139,0.882598557472229,0.8838460659980774,0.0007062482833862304,0.0006566023826599121
500,39,0.035879535675048826,0.008017153143882752,0.03587064743041992,0.008057844042778015,0.7756099438667298,0.7767056965827942,0.0006089997291564941,0.0005675458908081055
500,40,0.033028030395507814,0.007530639171600342,0.03294165372848511,0.0075232875347137455,0.822922387123108,0.8240913367271423,0.0006645512580871582,0.0006197452545166016
500,41,0.03641946077346802,0.009337225556373596,0.03636890649795532,0.009346317052841186,0.7588060307502746,0.7600958943367004,0.000621962547302246,0.0005528759956359863
500,42,0.03825923442840576,0.008400577902793884,0.0381407356262207,0.008386695981025696,0.8422575521469117,0.8435322952270508,0.000695197582244873,0.0006433510780334472
500,43,0.03854546546936035,0.009558046460151673,0.038642258644104005,0.00975742280483246,0.8320710778236389,0.8332632684707642,0.000669708251953125,0.0006249785423278808
500,44,0.03827818870544433,0.009174280762672425,0.038239426612854004,0.009226996898651123,0.7889054489135742,0.790047287940979,0.0006260275840759277,0.0005824136734008789
500,45,0.03747530221939087,0.010773518085479737,0.03686981678009033,0.010216377973556519,0.8852203750610351,0.886516945362091,0.000732114315032959,0.000679931640625
500,46,0.034414007663726806,0.008182749748229981,0.034105827808380125,0.007944830656051637,0.8168614840507508,0.8180365872383117,0.0006550145149230957,0.0006084656715393067
500,47,0.03718264102935791,0.009261839985847474,0.037259047031402585,0.009435283541679383,0.8285658025741577,0.8298935675621033,0.0006840348243713379,0.0006212210655212403
500,48,0.0374066686630249,0.008887894749641419,0.037246842384338376,0.008801705241203307,0.6757951760292054,0.6767057538032532,0.0004929924011230469,0.0004544234275817871
500,49,0.03418212890625,0.00884359896183014,0.03410768508911133,0.008875324726104736,0.721890640258789,0.7228533029556274,0.0005101227760314942,0.0004711771011352539
500,50,0.03317379474639893,0.0075681829452514645,0.033162858486175534,0.007650315165519715,0.9383818054199219,0.939616174697876,0.0006682896614074708,0.0006169986724853516
500,51,0.03614514827728271,0.008603655099868775,0.03597071647644043,0.008485777974128724,0.9057121539115905,0.9069152545928955,0.0006483817100524903,0.0006026148796081543
500,52,0.037319669723510744,0.008674471974372863,0.03702762842178345,0.008408373594284058,0.7628587865829468,0.7638663649559021,0.0005205535888671875,0.00047635793685913086
500,53,0.03560335159301758,0.008945700526237488,0.03561330556869507,0.00901304543018341,0.7509318137168884,0.7519484972953796,0.000527486801147461,0.00048525571823120116
500,54,0.0349244499206543,0.008841397762298584,0.035005700588226316,0.008993540406227112,0.778714542388916,0.7797312045097351,0.0005264782905578613,0.0004833221435546875
500,55,0.03479149103164673,0.007608641386032105,0.03475084066390991,0.007644025087356568,0.9059169220924378,0.9070917963981628,0.0006312251091003418,0.000585019588470459
500,56,0.03472735166549683,0.008656984567642212,0.03480807065963745,0.008877898454666138,0.8080104327201844,0.8090544462203979,0.0005407547950744629,0.0004960370063781739
500,57,0.03473511695861817,0.007639961838722229,0.03467921733856201,0.007698602676391601,0.9428643774986267,0.9440871834754944,0.0006583166122436523,0.0006096982955932618
500,58,0.036210126876831054,0.009652498364448547,0.03610366344451904,0.009617563486099243,0.9038947939872741,0.9050658011436462,0.0006299662590026855,0.0005813813209533691
500,59,0.030616419315338136,0.007951252460479737,0.030691261291503905,0.008117514848709106,0.8737325239181518,0.8748871469497681,0.0005795454978942871,0.0005377840995788574
500,60,0.037322468757629394,0.008855112195014954,0.03721701145172119,0.008862059712409973,0.8550364995002746,0.8561409711837769,0.0005824756622314453,0.0005369138717651367
500,61,0.03603997707366943,0.008861586451530457,0.03582617044448853,0.00870748221874237,0.8872235679626465,0.8883610963821411,0.000608053207397461,0.0005607271194458008
500,62,0.03877514362335205,0.009203998446464539,0.03859156847000122,0.009141947627067566,0.7480106782913208,0.7489799594879151,0.000493621826171875,0.00045279741287231447
500,63,0.03956247091293335,0.010350399017333985,0.039194238185882566,0.010076359510421753,0.8602331352233886,0.8613362026214599,0.000589296817779541,0.0005450701713562012
500,64,0.03570861339569092,0.010018433332443238,0.035853235721588134,0.010259547233581544,0.9154834794998169,0.9166622757911682,0.0006366777420043945,0.0005882573127746582
500,65,0.039561116695404054,0.00849478244781494,0.039544646739959714,0.008568543791770935,0.8104998803138733,0.8115471339225769,0.0005492043495178223,0.0005063295364379882
500,66,0.03875187635421753,0.010390666723251342,0.038597455024719236,0.010338245630264283,0.8668597960472106,0.8679854273796082,0.0005994081497192383,0.0005545544624328613
500,67,0.036541590690612795,0.008951269984245301,0.0365215277671814,0.00904521644115448,0.8433187651634216,0.8444324660301209,0.0005849766731262207,0.0005375480651855468
500,68,0.04087574005126953,0.009692153334617615,0.040414233207702634,0.00932577133178711,0.8917996549606323,0.8929877877235413,0.000639197826385498,0.0005918383598327637
500,69,0.03699873924255371,0.01081903338432312,0.036362483501434326,0.010214316844940185,0.8888203048706055,0.8900143599510193,0.0006461334228515625,0.0005982565879821777
500,70,0.036355493068695066,0.008601168990135194,0.03637200593948364,0.008699686527252197,0.8434825611114501,0.8446395778656006,0.0005979251861572266,0.000543203353881836
500,71,0.035871069431304935,0.008609578609466553,0.035825433731079104,0.008644619584083557,0.9070072841644287,0.9082066750526429,0.0006494736671447754,0.0006012940406799317
500,72,0.0383839750289917,0.009490819573402405,0.03816148281097412,0.009390385150909423,0.8376063752174377,0.8387113237380981,0.000599677562713623,0.0005577588081359863
500,73,0.0352961254119873,0.008934115767478943,0.03518116474151611,0.008926486968994141,0.835901391506195,0.8369958424568176,0.000584418773651123,0.000540015697479248
500,74,0.038473691940307614,0.009449220299720763,0.03848981380462647,0.009569257497787476,0.7564781045913697,0.7574726247787475,0.0005204296112060547,0.00047961950302124025
500,75,0.03355851411819458,0.008026771545410157,0.033478548526763914,0.008036586642265319,0.7719434475898743,0.7729687356948852,0.000536344051361084,0.000494987964630127
500,76,0.03659895181655884,0.00907181203365326,0.03658530473709107,0.009156675338745117,0.8564509081840516,0.8575780844688415,0.000610651969909668,0.0005653619766235352
500,77,0.03570788860321045,0.007927356958389283,0.035541419982910154,0.00785297691822052,0.9492942190170288,0.9505246329307556,0.0006820225715637207,0.0006347417831420899
500,78,0.035422258377075196,0.007896434664726257,0.035384235382080076,0.007962787747383118,0.9717622590065003,0.9730334496498108,0.0007007598876953125,0.0006522464752197265
500,79,0.037391517162323,0.008514426350593567,0.037338542938232425,0.008524426221847535,0.8765544915199279,0.8776910614967346,0.000600283145904541,0.0005543804168701171
500,80,0.03869360208511353,0.00834861159324646,0.0386346435546875,0.008383325934410095,0.9281725478172302,0.9294719481468201,0.0006859755516052246,0.0006301665306091309
500,81,0.03612992763519287,0.0080437433719635,0.03609167814254761,0.008088136911392213,0.9434448146820068,0.9446949601173401,0.0006778144836425781,0.0006267809867858886
500,82,0.035957441329956055,0.008243609666824341,0.03600900173187256,0.008342527151107788,0.8692572641372681,0.8704063177108765,0.0006216669082641602,0.0005748772621154785
500,83,0.035503478050231935,0.008425118923187256,0.03543704509735107,0.008440098762512206,0.8457598042488098,0.8468822622299195,0.0006057262420654297,0.0005620002746582031
500,84,0.037043461799621584,0.008428833484649657,0.036847438812255856,0.008324909210205077,0.8566574954986572,0.8577785181999207,0.0006099724769592285,0.0005637097358703613
500,85,0.03693878412246704,0.00834881842136383,0.03702079772949219,0.008507640361785888,0.8266837120056152,0.827769284248352,0.0005699253082275391,0.0005260205268859863
500,86,0.03631993293762207,0.008539249897003174,0.03625835418701172,0.008589640855789185,0.7937653851509094,0.7947797656059266,0.0005429887771606445,0.0005029845237731934
500,87,0.03656590461730957,0.00855759620666504,0.03640717029571533,0.008469077348709107,0.8391919636726379,0.8402793908119202,0.0005808281898498535,0.0005376505851745606
500,88,0.03894700765609741,0.008879314661026,0.03879615306854248,0.008826815485954286,0.7690384888648987,0.7700522041320801,0.0005361485481262207,0.0004941606521606445
500,89,0.03470274925231934,0.007924540638923646,0.03460901021957397,0.007918080687522889,0.8738104486465454,0.8749692678451538,0.0006351327896118164,0.0005909585952758789
500,90,0.03570837259292602,0.008599469065666198,0.03587594032287598,0.0088988196849823,0.8945222735404968,0.8956822991371155,0.0006378865242004394,0.0005917787551879883
500,91,0.034348108768463136,0.008174991011619568,0.034134089946746826,0.008030120134353638,0.7965255665779114,0.7975975847244263,0.0005628705024719238,0.0005186223983764649
500,92,0.03365304946899414,0.007602779269218445,0.033597819805145264,0.007660666108131408,0.8317338824272156,0.8329022741317749,0.0005853939056396485,0.0005323147773742676
500,93,0.03691783905029297,0.01064159393310547,0.03713452100753784,0.010928189754486084,0.8348587226867675,0.8359426021575928,0.0005757737159729003,0.000531003475189209
500,94,0.035474090576171874,0.008439967632293701,0.035374116897583005,0.008435607552528382,0.8457185912132263,0.8468535804748535,0.0006069517135620117,0.0005611467361450195
500,95,0.03558233737945557,0.00786158323287964,0.03554154396057129,0.00791524887084961,0.9696705794334411,0.9709506916999817,0.000699160099029541,0.0006503367424011231
500,96,0.034347829818725584,0.007979112863540649,0.034148755073547366,0.007831989526748658,0.8827150917053223,0.8838514828681946,0.0006095266342163086,0.0005630946159362793
500,97,0.03668006896972656,0.009456785321235657,0.0366585636138916,0.009517265558242798,0.9549994325637817,0.9563194012641907,0.000667266845703125,0.0006134915351867676
500,98,0.03319661378860474,0.008684360980987548,0.032943038940429686,0.008509858250617982,0.8998815131187439,0.9011429166793823,0.0006230616569519043,0.0005660796165466308
500,99,0.03787628412246704,0.00891765832901001,0.03761104822158814,0.008790220022201539,0.919287576675415,0.9204929351806641,0.0006384015083312988,0.0005885863304138184
1000,0,0.020012800693511964,0.006159414649009705,0.019985209703445434,0.006152598261833191,1.4834894394874574,1.4845362734794616,0.000606546401977539,0.0004954981803894043
1000,1,0.019358108043670653,0.006095446348190307,0.0193457555770874,0.006121585369110108,1.511357183456421,1.512407009601593,0.0005436372756958007,0.0004999899864196778
1000,2,0.020990726947784425,0.0066431576013565065,0.0209299635887146,0.0066233879327774045,1.5403036236763001,1.5413623237609864,0.0005486249923706054,0.0005053567886352539
1000,3,0.022214159965515137,0.007560456395149231,0.022371790409088134,0.00776852011680603,1.4990272164344787,1.50005108833313,0.0005276608467102051,0.0004847335815429687
1000,4,0.020991404056549073,0.006881309747695923,0.0210499906539917,0.00698979377746582,1.5649302577972413,1.5661153960227967,0.0005658125877380371,0.0005125880241394043
1000,5,0.02051147222518921,0.006233146786689759,0.020508389472961425,0.006284919977188111,1.5207889151573182,1.521889190673828,0.0005700349807739258,0.0005237102508544922
1000,6,0.020488274097442628,0.007220782637596131,0.020291702747344972,0.0070773172378540035,1.5442012333869934,1.5452602791786194,0.0005559015274047851,0.0005108046531677246
1000,7,0.02044170141220093,0.0065195620059967044,0.020524702072143554,0.006654039025306702,1.5129765176773071,1.5140140652656555,0.0005442667007446289,0.0005022215843200683
1000,8,0.021932051181793213,0.007802386283874512,0.02181798458099365,0.007739115357398987,1.4510788273811341,1.4520724892616272,0.0005048775672912598,0.00046191692352294924
1000,9,0.02162302494049072,0.0075234144926071165,0.02151451826095581,0.007473905682563782,1.564761779308319,1.5658320736885072,0.0005574345588684082,0.0005123448371887207
1000,10,0.021482882499694825,0.006875830888748169,0.02142833948135376,0.006860583424568177,1.4865774726867675,1.487623951435089,0.0005439114570617676,0.0004996919631958008
1000,11,0.019310979843139647,0.006445350050926208,0.019324172735214234,0.0065221107006073,1.5580993294715881,1.559192886352539,0.0005681753158569336,0.000523834228515625
1000,12,0.021426451206207276,0.007053800225257874,0.021355886459350586,0.0070187199115753175,1.4792451572418213,1.4802543902397156,0.0005144095420837403,0.00047313213348388673
1000,13,0.02139861822128296,0.00797505021095276,0.021608662605285645,0.008234173059463501,1.4597921204566955,1.460806269645691,0.0005195426940917968,0.0004773855209350586
1000,14,0.01971108078956604,0.0060707670450210575,0.01970824122428894,0.006123103499412537,1.473090000152588,1.4741014862060546,0.0005189418792724609,0.0004758119583129883
1000,15,0.019596078395843507,0.007252558469772339,0.019488176107406618,0.00716853380203247,1.527979669570923,1.5290427255630492,0.0005528688430786133,0.0005092811584472656
1000,16,0.02104349136352539,0.006869478225708008,0.0208760929107666,0.006731726527214051,1.491706509590149,1.492858579158783,0.0005397582054138183,0.0004892277717590332
1000,17,0.018738375902175905,0.006838461756706238,0.018867732286453248,0.007001838684082031,1.5354853129386903,1.5365574669837951,0.0005476880073547363,0.0005030179023742676
1000,18,0.019686194658279418,0.00617464542388916,0.01965531587600708,0.006178308129310608,1.4341481637954712,1.4351363825798034,0.0004995870590209961,0.000459747314453125
1000,19,0.021094350814819335,0.007354961633682251,0.020992388725280763,0.007292798757553101,1.5686585927009582,1.5697686433792115,0.0005771493911743164,0.0005309152603149414
1000,20,0.020025558471679687,0.0066272556781768795,0.020085291862487795,0.00675525963306427,1.6346741437911987,1.6358098983764648,0.0005921101570129394,0.000546417236328125
1000,21,0.019373292922973632,0.005888137221336365,0.01938915252685547,0.0059518969058990475,1.4483392500877381,1.4493493795394898,0.0005228304862976074,0.0004818868637084961
1000,22,0.022444159984588624,0.008339534401893616,0.02235415458679199,0.008282961249351501,1.4350367593765259,1.4361518001556397,0.0005193305015563965,0.0004674696922302246
1000,23,0.020702199935913088,0.006761000156402588,0.020660927295684816,0.006752793192863465,1.6570669150352477,1.6583600449562073,0.0006245136260986328,0.0005679392814636231
1000,24,0.019467027187347413,0.007364369034767151,0.0195747971534729,0.007503699660301209,1.5022805619239807,1.5033297729492188,0.0005306005477905273,0.00048564910888671876
1000,25,0.02131368398666382,0.007349148392677307,0.021272308826446533,0.007325618267059326,1.5376573133468627,1.53874813079834,0.0005700469017028808,0.0005244874954223633
1000,26,0.018553391695022584,0.00562017023563385,0.01855510354042053,0.005679312348365784,1.477213146686554,1.4782387614250183,0.0005224323272705078,0.00047965288162231444
1000,27,0.02014791250228882,0.007104530930519104,0.02008927583694458,0.0071056121587753296,1.4931562161445617,1.4942373251914978,0.0005567717552185059,0.000513458251953125
1000,28,0.022494409084320068,0.0081900292634964,0.021803643703460693,0.007509883046150207,1.5467592668533325,1.5478267502784728,0.0005619025230407715,0.0005193901062011719
1000,29,0.021803154945373535,0.007018066048622131,0.02184035301208496,0.007080065608024597,1.5555653023719787,1.5566343569755554,0.0005586910247802735,0.0005127668380737304
1000,30,0.02009636878967285,0.006030411124229431,0.020089375972747802,0.00607017993927002,1.5707875037193297,1.5718664932250976,0.0005601644515991211,0.00051483154296875
1000,31,0.02119974136352539,0.007131497263908386,0.02096224546432495,0.006909099817276001,1.648962619304657,1.650224208831787,0.0006118154525756836,0.0005656051635742188
1000,32,0.020278635025024413,0.006333511471748352,0.020191700458526612,0.006298328042030335,1.6089976286888124,1.6102644515037536,0.0006018972396850586,0.0005466222763061523
1000,33,0.020786519050598144,0.006856367588043213,0.0206081485748291,0.006711787581443787,1.4477818489074707,1.4487568974494933,0.0004977011680603028,0.0004552817344665527
1000,34,0.0202129602432251,0.006952734589576721,0.019951719045639037,0.006694941520690918,1.4459013938903809,1.446899070739746,0.000502169132232666,0.0004582500457763672
1000,35,0.020999529361724854,0.007051438689231872,0.020789651870727538,0.006881731748580933,1.61599285364151,1.6171117687225343,0.0005871343612670898,0.0005369424819946289
1000,36,0.02065053939819336,0.006250253915786743,0.020644521713256835,0.006294732093811035,1.5718500804901123,1.5729322147369384,0.0005663537979125977,0.0005212879180908203
1000,37,0.020223453044891357,0.0064205038547515865,0.020363562107086182,0.006597723960876465,1.515530881881714,1.5165699648857116,0.0005319499969482422,0.0004875802993774414
1000,38,0.021123974323272704,0.007008600831031799,0.021133530139923095,0.007073436379432679,1.5466869378089905,1.5478757905960083,0.0005669331550598144,0.0005133247375488281
1000,39,0.020942654609680176,0.007481212019920349,0.02102593183517456,0.007632136940956115,1.59720205783844,1.5983330345153808,0.0005867362022399902,0.0005367422103881836
1000,40,0.02009338140487671,0.007628965973854065,0.019686508178710937,0.007237986326217651,1.565465271472931,1.5665824437141418,0.0005823707580566406,0.0005363941192626954
1000,41,0.020298511981964112,0.00618482768535614,0.020308520793914795,0.006249051094055175,1.5279735803604126,1.5290511989593505,0.0005658793449401855,0.000520021915435791
1000,42,0.021179628372192384,0.006344916820526123,0.02119206190109253,0.006403294205665588,1.6147849011421203,1.6159918785095215,0.0005892229080200196,0.0005358552932739258
1000,43,0.01945460557937622,0.0065369075536727906,0.019454768896102904,0.00656705915927887,1.6032963442802428,1.6044428873062133,0.0005884742736816406,0.000539090633392334
1000,44,0.02174323558807373,0.007358185648918152,0.021381752490997316,0.007026955485343933,1.6163947415351867,1.617649278640747,0.0005890917778015137,0.0005351781845092773
1000,45,0.021672017574310302,0.00837429404258728,0.021290595531463622,0.00805105984210968,1.497803020477295,1.4988765358924865,0.0005522537231445313,0.0005087614059448242
1000,46,0.02093252420425415,0.007395642995834351,0.02091062307357788,0.007420172095298767,1.5863627314567565,1.587463607788086,0.0005688738822937012,0.0005197453498840332
1000,47,0.021555702686309814,0.007636672854423523,0.021689374446868897,0.00778759777545929,1.487646186351776,1.4887049579620362,0.0005548787117004394,0.0005095100402832031
1000,48,0.020274884700775146,0.00743859052658081,0.020289592742919922,0.007481728196144104,1.4852279806137085,1.4862608981132508,0.0005369162559509277,0.0004939961433410644
1000,49,0.020111501216888428,0.007402524948120117,0.019809982776641845,0.007111743092536926,1.519863486289978,1.5209060287475586,0.0005413699150085449,0.0004972147941589355
1000,50,0.01993319034576416,0.007412028312683105,0.019821714162826538,0.007344164848327637,1.601079168319702,1.602178225517273,0.0005761218070983886,0.0005342745780944824
1000,51,0.020378220081329345,0.006444865465164184,0.020474469661712645,0.006574187874794007,1.559424774646759,1.5604914832115173,0.0005675220489501953,0.0005225801467895508
1000,52,0.021874520778656006,0.007976958155632019,0.02132943391799927,0.007455010414123536,1.5092951440811158,1.510354564189911,0.0005534029006958008,0.0005079913139343262
1000,53,0.02034838676452637,0.006737926602363586,0.019959063529968263,0.00635845422744751,1.5856184935569764,1.5866936588287353,0.0005582928657531738,0.0005124497413635254
1000,54,0.020817711353302,0.007642321586608887,0.020912542343139648,0.007740846872329712,1.6092088532447815,1.6103229117393494,0.0005855369567871094,0.0005376696586608887
1000,55,0.02103137254714966,0.006681873202323913,0.020973930358886717,0.006685361266136169,1.4631573843955994,1.464163384437561,0.000511929988861084,0.0004694962501525879
1000,56,0.02098262548446655,0.006528414487838745,0.02101163864135742,0.006610356569290161,1.506093804836273,1.507138261795044,0.0005450224876403808,0.0004982709884643555
1000,57,0.021367764472961424,0.007316485047340393,0.021187238693237305,0.007170370221138001,1.5846089768409728,1.5857068252563478,0.000577082633972168,0.0005299639701843262
1000,58,0.02043694257736206,0.007152209281921387,0.020033116340637206,0.006776645183563233,1.603181734085083,1.6044220447540283,0.0005837345123291016,0.0005317425727844238
1000,59,0.01975870370864868,0.006532381176948547,0.019828951358795165,0.006642246842384339,1.5513029718399047,1.5524116158485413,0.000572054386138916,0.0005248594284057617
1000,60,0.020443716049194337,0.007359302639961243,0.020254347324371338,0.0071924012899398804,1.5695942902565003,1.5706711745262145,0.0005584478378295899,0.0005119800567626953
1000,61,0.019170379638671874,0.007192460298538208,0.019340182542800902,0.007401066422462463,1.6114526772499085,1.6125581979751586,0.0005728721618652344,0.0005270981788635254
1000,62,0.019692894220352173,0.006760528683662415,0.020007052421569825,0.007135306000709534,1.455750789642334,1.4567972207069397,0.0005677509307861329,0.0005231165885925293
1000,63,0.01986226677894592,0.006870366930961609,0.019689036607742308,0.006729148030281067,1.449596962928772,1.4506500792503356,0.0005761337280273438,0.0005271697044372559
1000,64,0.020213184356689454,0.007683094739913941,0.01965124249458313,0.007138459086418152,1.4779132866859437,1.4789801740646362,0.000576624870300293,0.0005312037467956543
1000,65,0.020488405227661134,0.006740208268165588,0.020476877689361572,0.006828051209449768,1.5331103014945984,1.5342261219024658,0.0006079506874084472,0.0005631327629089355
1000,66,0.021208629608154297,0.0063951629400253295,0.021189820766448975,0.006450581550598145,1.5014779138565064,1.5026996088027955,0.0006006002426147461,0.0005451583862304687
1000,67,0.02077517509460449,0.006746860742568969,0.020877249240875244,0.0068841463327407836,1.495861485004425,1.4969629788398742,0.0005844259262084961,0.0005369734764099121
1000,68,0.019984748363494873,0.006852406263351441,0.01968417167663574,0.006574950218200684,1.5352193665504457,1.5363345336914063,0.0006045007705688477,0.0005593562126159668
1000,69,0.021975946426391602,0.007148144841194153,0.022052879333496093,0.007265617847442627,1.4658430337905883,1.4669050788879394,0.0005777668952941894,0.0005331110954284668
1000,70,0.019442009925842284,0.007643439173698426,0.019111405611038208,0.007345048785209656,1.4954972290992736,1.4967094111442565,0.0006004142761230469,0.0005438876152038574
1000,71,0.02009124755859375,0.006159604787826538,0.020087177753448485,0.006190288662910461,1.4479021859169006,1.4489514136314392,0.0005567765235900879,0.0005158734321594238
1000,72,0.02053724765777588,0.006828293204307556,0.0206309175491333,0.006954441666603088,1.4396460580825805,1.4407059121131898,0.0005469512939453125,0.0005010008811950683
1000,73,0.02203369379043579,0.008055332899093628,0.022100052833557128,0.008166323304176331,1.6300103616714479,1.6311497688293457,0.000598301887512207,0.0005530428886413574
1000,74,0.02136713981628418,0.007519308924674988,0.021376123428344728,0.00758204996585846,1.6641222620010376,1.6652819585800172,0.000617523193359375,0.0005677008628845215
1000,75,0.021281185150146483,0.0071394616365432735,0.021036217212677,0.006920474767684937,1.5265499544143677,1.5276218199729918,0.0005716824531555176,0.0005281901359558105
1000,76,0.02127298593521118,0.007051551342010498,0.02107370615005493,0.006906734108924866,1.6023034763336181,1.603442349433899,0.0006192898750305175,0.0005724906921386718
1000,77,0.02060391187667847,0.007178986072540283,0.020762388706207276,0.007365451455116272,1.6179594659805299,1.6190505003929139,0.0005754828453063965,0.000529930591583252
1000,78,0.021756978034973146,0.007022830247879028,0.021411690711975098,0.006704409718513489,1.4799936032295227,1.4810147643089295,0.0005260586738586425,0.000482945442199707
1000,79,0.0214023494720459,0.007947580814361572,0.02135950803756714,0.00793058156967163,1.511335196495056,1.5124575686454773,0.0005443692207336426,0.000497119426727295
1000,80,0.022394027709960938,0.007412887215614319,0.022412593364715575,0.007482370138168335,1.6950136494636536,1.696263461112976,0.0006207513809204101,0.0005683326721191407
1000,81,0.01912599802017212,0.006076292395591736,0.019101969003677367,0.006100558042526245,1.6613014578819274,1.6624291610717774,0.0005898380279541016,0.000543370246887207
1000,82,0.020453124046325682,0.00627278983592987,0.020468883514404297,0.006343390941619873,1.5583429431915283,1.5593939328193664,0.0005430364608764648,0.0004976320266723632
1000,83,0.019717960357666015,0.0065892493724822995,0.0193782377243042,0.006292901635169983,1.507130379676819,1.5082234716415406,0.0005237412452697754,0.00047297239303588866
1000,84,0.021322371959686278,0.007220771312713623,0.02138209581375122,0.0073341685533523555,1.5951798629760743,1.5962543106079101,0.0005553221702575684,0.0005055642127990722
1000,85,0.018338450193405152,0.005535250306129455,0.018340446949005128,0.00558171808719635,1.6514553427696228,1.6526692128181457,0.0005984687805175781,0.0005420088768005371
1000,86,0.018141672611236573,0.005627878308296204,0.018196665048599243,0.005715237259864807,1.5358414793014525,1.5368938398361207,0.0005396819114685059,0.0004892587661743164
1000,87,0.020474727153778075,0.006341254711151123,0.02043264389038086,0.006325681805610657,1.474708456993103,1.475801329612732,0.0005154776573181153,0.0004638195037841797
1000,88,0.02060441255569458,0.006393736600875855,0.02040544033050537,0.006267135739326477,1.591001536846161,1.5921801447868347,0.0005687212944030761,0.0005175471305847168
1000,89,0.02067643165588379,0.006787480115890503,0.02063275098800659,0.006817442178726196,1.4856762170791626,1.4867130279541017,0.0005202007293701172,0.00047504425048828125
1000,90,0.018154869079589842,0.005784308910369873,0.018184477090835573,0.00583248496055603,1.6049737811088562,1.6061840772628784,0.0005712962150573731,0.0005170130729675293
1000,91,0.01976613759994507,0.0067474889755249024,0.019881279468536378,0.0069028687477111815,1.6386588501930237,1.639778070449829,0.0005783915519714355,0.0005330300331115723
1000,92,0.018668358325958253,0.006837683916091919,0.0186189067363739,0.006857684850692749,1.4849927353858947,1.4860905861854554,0.0005215477943420411,0.0004705166816711426
1000,93,0.021128666400909425,0.007943421602249146,0.021246376037597655,0.00809733510017395,1.5076113367080688,1.5086480450630189,0.0005244708061218262,0.0004784131050109863
1000,94,0.020832829475402832,0.006697592139244079,0.02073371648788452,0.006638007164001465,1.702519612312317,1.7036764168739318,0.0006034255027770996,0.0005566501617431641
1000,95,0.023050620555877685,0.006974733471870422,0.02302546739578247,0.006996939182281494,1.5356160712242126,1.5366349625587463,0.0005196952819824219,0.0004751920700073242
1000,96,0.019028079509735108,0.005935238599777222,0.019060875177383422,0.006017693281173706,1.4897514867782593,1.4907878279685973,0.0005288958549499512,0.0004831695556640625
1000,97,0.01896087169647217,0.007200096249580384,0.018780421018600463,0.007041126489639282,1.6218717455863954,1.6230820751190185,0.0005902481079101562,0.0005348324775695801
1000,98,0.019739021062850953,0.006216465830802918,0.019867018461227418,0.006383467316627502,1.6222881650924683,1.6233973073959351,0.0005755329132080078,0.0005272054672241211
1000,99,0.02272557020187378,0.00826309621334076,0.022395865917205812,0.007982484102249145,1.621683382987976,1.6228002071380616,0.0005869793891906738,0.0005376815795898437
